,Classification,Year,Period,Period Desc.,Aggregate Level,Is Leaf Code,Trade Flow Code,Trade Flow,Reporter Code,Reporter,Reporter ISO,Partner Code,Partner,Partner ISO,2nd Partner Code,2nd Partner,2nd Partner ISO,Customs Proc. Code,Customs,Mode of Transport Code,Mode of Transport,Commodity Code,Commodity,Qty Unit Code,Qty Unit,Qty,Alt Qty Unit Code,Alt Qty Unit,Alt Qty,Netweight (kg),Gross weight (kg),Trade Value (US$),CIF Trade Value (US$),FOB Trade Value (US$),Flag
0,H1,1996,1996,1996,4,0,1,Import,360,Indonesia,IDN,458,Malaysia,MYS,0.0,0.0,0.0,0.0,0.0,0.0,0.0,4001,"Natural rubber and gums, in primary form, plates, etc",8,Weight in kilograms,1476332,0.0,0.0,0.0,1476332,0.0,2090211,0.0,0.0,0
1,H1,1996,1996,1996,4,0,2,Export,360,Indonesia,IDN,458,Malaysia,MYS,0.0,0.0,0.0,0.0,0.0,0.0,0.0,4001,"Natural rubber and gums, in primary form, plates, etc",8,Weight in kilograms,223569,0.0,0.0,0.0,223569,0.0,375633,0.0,0.0,0
2,H1,1996,1996,1996,4,0,1,Import,360,Indonesia,IDN,608,Philippines,PHL,0.0,0.0,0.0,0.0,0.0,0.0,0.0,4001,"Natural rubber and gums, in primary form, plates, etc",8,Weight in kilograms,132,0.0,0.0,0.0,132,0.0,1935,0.0,0.0,0
3,H1,1996,1996,1996,4,0,2,Export,360,Indonesia,IDN,608,Philippines,PHL,0.0,0.0,0.0,0.0,0.0,0.0,0.0,4001,"Natural rubber and gums, in primary form, plates, etc",8,Weight in kilograms,13375,0.0,0.0,0.0,13375,0.0,36440,0.0,0.0,0
4,H1,1996,1996,1996,4,0,1,Import,360,Indonesia,IDN,702,Singapore,SGP,0.0,0.0,0.0,0.0,0.0,0.0,0.0,4001,"Natural rubber and gums, in primary form, plates, etc",8,Weight in kilograms,143889,0.0,0.0,0.0,143889,0.0,204811,0.0,0.0,0
5,H1,1996,1996,1996,4,0,2,Export,360,Indonesia,IDN,702,Singapore,SGP,0.0,0.0,0.0,0.0,0.0,0.0,0.0,4001,"Natural rubber and gums, in primary form, plates, etc",8,Weight in kilograms,131037576,0.0,0.0,0.0,131037576,0.0,170440768,0.0,0.0,0
6,H1,1996,1996,1996,4,0,1,Import,360,Indonesia,IDN,764,Thailand,THA,0.0,0.0,0.0,0.0,0.0,0.0,0.0,4001,"Natural rubber and gums, in primary form, plates, etc",8,Weight in kilograms,2604375,0.0,0.0,0.0,2604375,0.0,3798246,0.0,0.0,0
7,H1,1996,1996,1996,4,0,2,Export,360,Indonesia,IDN,764,Thailand,THA,0.0,0.0,0.0,0.0,0.0,0.0,0.0,4001,"Natural rubber and gums, in primary form, plates, etc",8,Weight in kilograms,52921,0.0,0.0,0.0,52921,0.0,63503,0.0,0.0,0
13,H1,1997,1997,1997,4,0,1,Import,360,Indonesia,IDN,764,Thailand,THA,0.0,0.0,0.0,0.0,0.0,0.0,0.0,4001,"Natural rubber and gums, in primary form, plates, etc",8,Weight in kilograms,3747062,0.0,0.0,0.0,3747062,0.0,3310725,0.0,0.0,0
12,H1,1997,1997,1997,4,0,2,Export,360,Indonesia,IDN,702,Singapore,SGP,0.0,0.0,0.0,0.0,0.0,0.0,0.0,4001,"Natural rubber and gums, in primary form, plates, etc",8,Weight in kilograms,122148824,0.0,0.0,0.0,122148824,0.0,125756720,0.0,0.0,0
11,H1,1997,1997,1997,4,0,1,Import,360,Indonesia,IDN,702,Singapore,SGP,0.0,0.0,0.0,0.0,0.0,0.0,0.0,4001,"Natural rubber and gums, in primary form, plates, etc",8,Weight in kilograms,259041,0.0,0.0,0.0,259041,0.0,300489,0.0,0.0,0
8,H1,1997,1997,1997,4,0,1,Import,360,Indonesia,IDN,458,Malaysia,MYS,0.0,0.0,0.0,0.0,0.0,0.0,0.0,4001,"Natural rubber and gums, in primary form, plates, etc",8,Weight in kilograms,2257272,0.0,0.0,0.0,2257272,0.0,2372554,0.0,0.0,0
9,H1,1997,1997,1997,4,0,2,Export,360,Indonesia,IDN,458,Malaysia,MYS,0.0,0.0,0.0,0.0,0.0,0.0,0.0,4001,"Natural rubber and gums, in primary form, plates, etc",8,Weight in kilograms,3367375,0.0,0.0,0.0,3367375,0.0,1096383,0.0,0.0,0
10,H1,1997,1997,1997,4,0,2,Export,360,Indonesia,IDN,608,Philippines,PHL,0.0,0.0,0.0,0.0,0.0,0.0,0.0,4001,"Natural rubber and gums, in primary form, plates, etc",8,Weight in kilograms,454530,0.0,0.0,0.0,454530,0.0,534613,0.0,0.0,0
19,H1,1998,1998,1998,4,0,1,Import,360,Indonesia,IDN,764,Thailand,THA,0.0,0.0,0.0,0.0,0.0,0.0,0.0,4001,"Natural rubber and gums, in primary form, plates, etc",8,Weight in kilograms,9239221,0.0,0.0,0.0,9239221,0.0,5688085,0.0,0.0,0
20,H1,1998,1998,1998,4,0,2,Export,360,Indonesia,IDN,764,Thailand,THA,0.0,0.0,0.0,0.0,0.0,0.0,0.0,4001,"Natural rubber and gums, in primary form, plates, etc",8,Weight in kilograms,150464,0.0,0.0,0.0,150464,0.0,112675,0.0,0.0,0
18,H1,1998,1998,1998,4,0,2,Export,360,Indonesia,IDN,702,Singapore,SGP,0.0,0.0,0.0,0.0,0.0,0.0,0.0,4001,"Natural rubber and gums, in primary form, plates, etc",8,Weight in kilograms,152755776,0.0,0.0,0.0,152755776,0.0,82420368,0.0,0.0,0
17,H1,1998,1998,1998,4,0,1,Import,360,Indonesia,IDN,702,Singapore,SGP,0.0,0.0,0.0,0.0,0.0,0.0,0.0,4001,"Natural rubber and gums, in primary form, plates, etc",8,Weight in kilograms,622171,0.0,0.0,0.0,622171,0.0,479648,0.0,0.0,0
16,H1,1998,1998,1998,4,0,2,Export,360,Indonesia,IDN,608,Philippines,PHL,0.0,0.0,0.0,0.0,0.0,0.0,0.0,4001,"Natural rubber and gums, in primary form, plates, etc",8,Weight in kilograms,1066062,0.0,0.0,0.0,1066062,0.0,665394,0.0,0.0,0
15,H1,1998,1998,1998,4,0,2,Export,360,Indonesia,IDN,458,Malaysia,MYS,0.0,0.0,0.0,0.0,0.0,0.0,0.0,4001,"Natural rubber and gums, in primary form, plates, etc",8,Weight in kilograms,8551652,0.0,0.0,0.0,8551652,0.0,4621419,0.0,0.0,0
14,H1,1998,1998,1998,4,0,1,Import,360,Indonesia,IDN,458,Malaysia,MYS,0.0,0.0,0.0,0.0,0.0,0.0,0.0,4001,"Natural rubber and gums, in primary form, plates, etc",8,Weight in kilograms,3280108,0.0,0.0,0.0,3280108,0.0,2257872,0.0,0.0,0
28,H1,1999,1999,1999,4,0,2,Export,360,Indonesia,IDN,764,Thailand,THA,0.0,0.0,0.0,0.0,0.0,0.0,0.0,4001,"Natural rubber and gums, in primary form, plates, etc",8,Weight in kilograms,40000,0.0,0.0,0.0,40000,0.0,15770,0.0,0.0,0
27,H1,1999,1999,1999,4,0,1,Import,360,Indonesia,IDN,764,Thailand,THA,0.0,0.0,0.0,0.0,0.0,0.0,0.0,4001,"Natural rubber and gums, in primary form, plates, etc",8,Weight in kilograms,10043749,0.0,0.0,0.0,10043749,0.0,5483492,0.0,0.0,0
25,H1,1999,1999,1999,4,0,1,Import,360,Indonesia,IDN,702,Singapore,SGP,0.0,0.0,0.0,0.0,0.0,0.0,0.0,4001,"Natural rubber and gums, in primary form, plates, etc",8,Weight in kilograms,874026,0.0,0.0,0.0,874026,0.0,543895,0.0,0.0,0
26,H1,1999,1999,1999,4,0,2,Export,360,Indonesia,IDN,702,Singapore,SGP,0.0,0.0,0.0,0.0,0.0,0.0,0.0,4001,"Natural rubber and gums, in primary form, plates, etc",8,Weight in kilograms,115839971,0.0,0.0,0.0,115839971,0.0,66250265,0.0,0.0,0
23,H1,1999,1999,1999,4,0,2,Export,360,Indonesia,IDN,458,Malaysia,MYS,0.0,0.0,0.0,0.0,0.0,0.0,0.0,4001,"Natural rubber and gums, in primary form, plates, etc",8,Weight in kilograms,1742882,0.0,0.0,0.0,1742882,0.0,993427,0.0,0.0,0
22,H1,1999,1999,1999,4,0,1,Import,360,Indonesia,IDN,458,Malaysia,MYS,0.0,0.0,0.0,0.0,0.0,0.0,0.0,4001,"Natural rubber and gums, in primary form, plates, etc",8,Weight in kilograms,5628140,0.0,0.0,0.0,5628140,0.0,3092411,0.0,0.0,0
21,H1,1999,1999,1999,4,0,2,Export,360,Indonesia,IDN,96,Brunei Darussalam,BRN,0.0,0.0,0.0,0.0,0.0,0.0,0.0,4001,"Natural rubber and gums, in primary form, plates, etc",8,Weight in kilograms,201601,0.0,0.0,0.0,201601,0.0,115557,0.0,0.0,0
24,H1,1999,1999,1999,4,0,2,Export,360,Indonesia,IDN,608,Philippines,PHL,0.0,0.0,0.0,0.0,0.0,0.0,0.0,4001,"Natural rubber and gums, in primary form, plates, etc",8,Weight in kilograms,767268,0.0,0.0,0.0,767268,0.0,465305,0.0,0.0,0
173,H1,2000,2000,2000,4,0,1,Import,360,Indonesia,IDN,458,Malaysia,MYS,0.0,0.0,0.0,0.0,0.0,0.0,0.0,4001,"Natural rubber and gums, in primary form, plates, etc",8,Weight in kilograms,7008807,0.0,0.0,0.0,7008807,0.0,4362245,0.0,0.0,0
178,H1,2000,2000,2000,4,0,2,Export,360,Indonesia,IDN,702,Singapore,SGP,0.0,0.0,0.0,0.0,0.0,0.0,0.0,4001,"Natural rubber and gums, in primary form, plates, etc",8,Weight in kilograms,89836583,0.0,0.0,0.0,89836583,0.0,56566287,0.0,0.0,0
177,H1,2000,2000,2000,4,0,1,Import,360,Indonesia,IDN,702,Singapore,SGP,0.0,0.0,0.0,0.0,0.0,0.0,0.0,4001,"Natural rubber and gums, in primary form, plates, etc",8,Weight in kilograms,1155396,0.0,0.0,0.0,1155396,0.0,750865,0.0,0.0,0
176,H1,2000,2000,2000,4,0,2,Export,360,Indonesia,IDN,608,Philippines,PHL,0.0,0.0,0.0,0.0,0.0,0.0,0.0,4001,"Natural rubber and gums, in primary form, plates, etc",8,Weight in kilograms,987840,0.0,0.0,0.0,987840,0.0,628949,0.0,0.0,0
175,H1,2000,2000,2000,4,0,1,Import,360,Indonesia,IDN,608,Philippines,PHL,0.0,0.0,0.0,0.0,0.0,0.0,0.0,4001,"Natural rubber and gums, in primary form, plates, etc",8,Weight in kilograms,2,0.0,0.0,0.0,2,0.0,187,0.0,0.0,0
174,H1,2000,2000,2000,4,0,2,Export,360,Indonesia,IDN,458,Malaysia,MYS,0.0,0.0,0.0,0.0,0.0,0.0,0.0,4001,"Natural rubber and gums, in primary form, plates, etc",8,Weight in kilograms,1289387,0.0,0.0,0.0,1289387,0.0,801820,0.0,0.0,0
179,H1,2000,2000,2000,4,0,1,Import,360,Indonesia,IDN,764,Thailand,THA,0.0,0.0,0.0,0.0,0.0,0.0,0.0,4001,"Natural rubber and gums, in primary form, plates, etc",8,Weight in kilograms,14417464,0.0,0.0,0.0,14417464,0.0,8906103,0.0,0.0,0
180,H1,2000,2000,2000,4,0,2,Export,360,Indonesia,IDN,764,Thailand,THA,0.0,0.0,0.0,0.0,0.0,0.0,0.0,4001,"Natural rubber and gums, in primary form, plates, etc",8,Weight in kilograms,22455,0.0,0.0,0.0,22455,0.0,18981,0.0,0.0,0
137,H1,2001,2001,2001,4,0,1,Import,360,Indonesia,IDN,458,Malaysia,MYS,0.0,0.0,0.0,0.0,0.0,0.0,0.0,4001,"Natural rubber and gums, in primary form, plates, etc",8,Weight in kilograms,3157034,0.0,0.0,0.0,3157034,0.0,1869839,0.0,0.0,0
141,H1,2001,2001,2001,4,0,2,Export,360,Indonesia,IDN,702,Singapore,SGP,0.0,0.0,0.0,0.0,0.0,0.0,0.0,4001,"Natural rubber and gums, in primary form, plates, etc",8,Weight in kilograms,78387411,0.0,0.0,0.0,78387411,0.0,43918016,0.0,0.0,0
142,H1,2001,2001,2001,4,0,1,Import,360,Indonesia,IDN,764,Thailand,THA,0.0,0.0,0.0,0.0,0.0,0.0,0.0,4001,"Natural rubber and gums, in primary form, plates, etc",8,Weight in kilograms,3128595,0.0,0.0,0.0,3128595,0.0,1785774,0.0,0.0,0
143,H1,2001,2001,2001,4,0,2,Export,360,Indonesia,IDN,764,Thailand,THA,0.0,0.0,0.0,0.0,0.0,0.0,0.0,4001,"Natural rubber and gums, in primary form, plates, etc",8,Weight in kilograms,56963,0.0,0.0,0.0,56963,0.0,255894,0.0,0.0,0
138,H1,2001,2001,2001,4,0,2,Export,360,Indonesia,IDN,458,Malaysia,MYS,0.0,0.0,0.0,0.0,0.0,0.0,0.0,4001,"Natural rubber and gums, in primary form, plates, etc",8,Weight in kilograms,4248126,0.0,0.0,0.0,4248126,0.0,2711283,0.0,0.0,0
140,H1,2001,2001,2001,4,0,1,Import,360,Indonesia,IDN,702,Singapore,SGP,0.0,0.0,0.0,0.0,0.0,0.0,0.0,4001,"Natural rubber and gums, in primary form, plates, etc",8,Weight in kilograms,226934,0.0,0.0,0.0,226934,0.0,603896,0.0,0.0,0
139,H1,2001,2001,2001,4,0,2,Export,360,Indonesia,IDN,608,Philippines,PHL,0.0,0.0,0.0,0.0,0.0,0.0,0.0,4001,"Natural rubber and gums, in primary form, plates, etc",8,Weight in kilograms,876433,0.0,0.0,0.0,876433,0.0,719908,0.0,0.0,0
151,H1,2002,2002,2002,4,0,2,Export,360,Indonesia,IDN,764,Thailand,THA,0.0,0.0,0.0,0.0,0.0,0.0,0.0,4001,"Natural rubber and gums, in primary form, plates, etc",8,Weight in kilograms,267161,0.0,0.0,0.0,267161,0.0,841222,0.0,0.0,0
145,H1,2002,2002,2002,4,0,2,Export,360,Indonesia,IDN,458,Malaysia,MYS,0.0,0.0,0.0,0.0,0.0,0.0,0.0,4001,"Natural rubber and gums, in primary form, plates, etc",8,Weight in kilograms,586066,0.0,0.0,0.0,586066,0.0,1276824,0.0,0.0,0
146,H1,2002,2002,2002,4,0,1,Import,360,Indonesia,IDN,608,Philippines,PHL,0.0,0.0,0.0,0.0,0.0,0.0,0.0,4001,"Natural rubber and gums, in primary form, plates, etc",8,Weight in kilograms,20000,0.0,0.0,0.0,20000,0.0,17000,0.0,0.0,0
147,H1,2002,2002,2002,4,0,2,Export,360,Indonesia,IDN,608,Philippines,PHL,0.0,0.0,0.0,0.0,0.0,0.0,0.0,4001,"Natural rubber and gums, in primary form, plates, etc",8,Weight in kilograms,584718,0.0,0.0,0.0,584718,0.0,1123183,0.0,0.0,0
148,H1,2002,2002,2002,4,0,1,Import,360,Indonesia,IDN,702,Singapore,SGP,0.0,0.0,0.0,0.0,0.0,0.0,0.0,4001,"Natural rubber and gums, in primary form, plates, etc",8,Weight in kilograms,58053,0.0,0.0,0.0,58053,0.0,108654,0.0,0.0,0
149,H1,2002,2002,2002,4,0,2,Export,360,Indonesia,IDN,702,Singapore,SGP,0.0,0.0,0.0,0.0,0.0,0.0,0.0,4001,"Natural rubber and gums, in primary form, plates, etc",8,Weight in kilograms,72651231,0.0,0.0,0.0,72651231,0.0,54261245,0.0,0.0,0
150,H1,2002,2002,2002,4,0,1,Import,360,Indonesia,IDN,764,Thailand,THA,0.0,0.0,0.0,0.0,0.0,0.0,0.0,4001,"Natural rubber and gums, in primary form, plates, etc",8,Weight in kilograms,5368578,0.0,0.0,0.0,5368578,0.0,3067737,0.0,0.0,0
144,H1,2002,2002,2002,4,0,1,Import,360,Indonesia,IDN,458,Malaysia,MYS,0.0,0.0,0.0,0.0,0.0,0.0,0.0,4001,"Natural rubber and gums, in primary form, plates, etc",8,Weight in kilograms,2382600,0.0,0.0,0.0,2382600,0.0,1243532,0.0,0.0,0
152,H1,2003,2003,2003,4,0,1,Import,360,Indonesia,IDN,458,Malaysia,MYS,0.0,0.0,0.0,0.0,0.0,0.0,0.0,4001,"Natural rubber and gums, in primary form, plates, etc",8,Weight in kilograms,2944547,0.0,0.0,0.0,2944547,0.0,2123764,0.0,0.0,0
153,H1,2003,2003,2003,4,0,2,Export,360,Indonesia,IDN,458,Malaysia,MYS,0.0,0.0,0.0,0.0,0.0,0.0,0.0,4001,"Natural rubber and gums, in primary form, plates, etc",8,Weight in kilograms,4381827,0.0,0.0,0.0,4381827,0.0,4158507,0.0,0.0,0
154,H1,2003,2003,2003,4,0,2,Export,360,Indonesia,IDN,608,Philippines,PHL,0.0,0.0,0.0,0.0,0.0,0.0,0.0,4001,"Natural rubber and gums, in primary form, plates, etc",8,Weight in kilograms,625069,0.0,0.0,0.0,625069,0.0,776866,0.0,0.0,0
155,H1,2003,2003,2003,4,0,1,Import,360,Indonesia,IDN,702,Singapore,SGP,0.0,0.0,0.0,0.0,0.0,0.0,0.0,4001,"Natural rubber and gums, in primary form, plates, etc",8,Weight in kilograms,133537,0.0,0.0,0.0,133537,0.0,270408,0.0,0.0,0
157,H1,2003,2003,2003,4,0,1,Import,360,Indonesia,IDN,764,Thailand,THA,0.0,0.0,0.0,0.0,0.0,0.0,0.0,4001,"Natural rubber and gums, in primary form, plates, etc",8,Weight in kilograms,1943720,0.0,0.0,0.0,1943720,0.0,1227217,0.0,0.0,0
158,H1,2003,2003,2003,4,0,2,Export,360,Indonesia,IDN,764,Thailand,THA,0.0,0.0,0.0,0.0,0.0,0.0,0.0,4001,"Natural rubber and gums, in primary form, plates, etc",8,Weight in kilograms,14306,0.0,0.0,0.0,14306,0.0,230308,0.0,0.0,0
156,H1,2003,2003,2003,4,0,2,Export,360,Indonesia,IDN,702,Singapore,SGP,0.0,0.0,0.0,0.0,0.0,0.0,0.0,4001,"Natural rubber and gums, in primary form, plates, etc",8,Weight in kilograms,79316592,0.0,0.0,0.0,79316592,0.0,70686132,0.0,0.0,0
159,H1,2004,2004,2004,4,0,1,Import,360,Indonesia,IDN,458,Malaysia,MYS,0.0,0.0,0.0,0.0,0.0,0.0,0.0,4001,"Natural rubber and gums, in primary form, plates, etc",8,Weight in kilograms,938135,0.0,0.0,0.0,938135,0.0,867904,0.0,0.0,0
160,H1,2004,2004,2004,4,0,2,Export,360,Indonesia,IDN,458,Malaysia,MYS,0.0,0.0,0.0,0.0,0.0,0.0,0.0,4001,"Natural rubber and gums, in primary form, plates, etc",8,Weight in kilograms,2836073,0.0,0.0,0.0,2836073,0.0,1538155,0.0,0.0,0
161,H1,2004,2004,2004,4,0,2,Export,360,Indonesia,IDN,608,Philippines,PHL,0.0,0.0,0.0,0.0,0.0,0.0,0.0,4001,"Natural rubber and gums, in primary form, plates, etc",8,Weight in kilograms,1554924,0.0,0.0,0.0,1554924,0.0,1921985,0.0,0.0,0
162,H1,2004,2004,2004,4,0,1,Import,360,Indonesia,IDN,702,Singapore,SGP,0.0,0.0,0.0,0.0,0.0,0.0,0.0,4001,"Natural rubber and gums, in primary form, plates, etc",8,Weight in kilograms,35428,0.0,0.0,0.0,35428,0.0,122127,0.0,0.0,0
163,H1,2004,2004,2004,4,0,2,Export,360,Indonesia,IDN,702,Singapore,SGP,0.0,0.0,0.0,0.0,0.0,0.0,0.0,4001,"Natural rubber and gums, in primary form, plates, etc",8,Weight in kilograms,86101883,0.0,0.0,0.0,86101883,0.0,96320329,0.0,0.0,0
164,H1,2004,2004,2004,4,0,1,Import,360,Indonesia,IDN,764,Thailand,THA,0.0,0.0,0.0,0.0,0.0,0.0,0.0,4001,"Natural rubber and gums, in primary form, plates, etc",8,Weight in kilograms,1696545,0.0,0.0,0.0,1696545,0.0,1544002,0.0,0.0,0
165,H1,2004,2004,2004,4,0,2,Export,360,Indonesia,IDN,764,Thailand,THA,0.0,0.0,0.0,0.0,0.0,0.0,0.0,4001,"Natural rubber and gums, in primary form, plates, etc",8,Weight in kilograms,108819,0.0,0.0,0.0,108819,0.0,237874,0.0,0.0,0
169,H1,2005,2005,2005,4,0,1,Import,360,Indonesia,IDN,702,Singapore,SGP,0.0,0.0,0.0,0.0,0.0,0.0,0.0,4001,"Natural rubber and gums, in primary form, plates, etc",8,Weight in kilograms,110879,0.0,0.0,0.0,110879,0.0,311448,0.0,0.0,0
170,H1,2005,2005,2005,4,0,2,Export,360,Indonesia,IDN,702,Singapore,SGP,0.0,0.0,0.0,0.0,0.0,0.0,0.0,4001,"Natural rubber and gums, in primary form, plates, etc",8,Weight in kilograms,115613553,0.0,0.0,0.0,115613553,0.0,144009094,0.0,0.0,0
166,H1,2005,2005,2005,4,0,1,Import,360,Indonesia,IDN,458,Malaysia,MYS,0.0,0.0,0.0,0.0,0.0,0.0,0.0,4001,"Natural rubber and gums, in primary form, plates, etc",8,Weight in kilograms,307282,0.0,0.0,0.0,307282,0.0,268892,0.0,0.0,0
171,H1,2005,2005,2005,4,0,1,Import,360,Indonesia,IDN,764,Thailand,THA,0.0,0.0,0.0,0.0,0.0,0.0,0.0,4001,"Natural rubber and gums, in primary form, plates, etc",8,Weight in kilograms,445130,0.0,0.0,0.0,445130,0.0,395204,0.0,0.0,0
172,H1,2005,2005,2005,4,0,2,Export,360,Indonesia,IDN,764,Thailand,THA,0.0,0.0,0.0,0.0,0.0,0.0,0.0,4001,"Natural rubber and gums, in primary form, plates, etc",8,Weight in kilograms,1,0.0,0.0,0.0,1,0.0,9,0.0,0.0,0
168,H1,2005,2005,2005,4,0,2,Export,360,Indonesia,IDN,608,Philippines,PHL,0.0,0.0,0.0,0.0,0.0,0.0,0.0,4001,"Natural rubber and gums, in primary form, plates, etc",8,Weight in kilograms,2346842,0.0,0.0,0.0,2346842,0.0,3092870,0.0,0.0,0
167,H1,2005,2005,2005,4,0,2,Export,360,Indonesia,IDN,458,Malaysia,MYS,0.0,0.0,0.0,0.0,0.0,0.0,0.0,4001,"Natural rubber and gums, in primary form, plates, etc",8,Weight in kilograms,2090142,0.0,0.0,0.0,2090142,0.0,2304141,0.0,0.0,0
114,H1,2006,2006,2006,4,0,1,Import,360,Indonesia,IDN,764,Thailand,THA,0.0,0.0,0.0,0.0,0.0,0.0,0.0,4001,"Natural rubber and gums, in primary form, plates, etc",8,Weight in kilograms,819566,0.0,0.0,0.0,819566,0.0,1196232,0.0,0.0,0
115,H1,2006,2006,2006,4,0,2,Export,360,Indonesia,IDN,764,Thailand,THA,0.0,0.0,0.0,0.0,0.0,0.0,0.0,4001,"Natural rubber and gums, in primary form, plates, etc",8,Weight in kilograms,114812,0.0,0.0,0.0,114812,0.0,143911,0.0,0.0,0
111,H1,2006,2006,2006,4,0,2,Export,360,Indonesia,IDN,608,Philippines,PHL,0.0,0.0,0.0,0.0,0.0,0.0,0.0,4001,"Natural rubber and gums, in primary form, plates, etc",8,Weight in kilograms,4074357,0.0,0.0,0.0,4074357,0.0,7901539,0.0,0.0,0
109,H1,2006,2006,2006,4,0,1,Import,360,Indonesia,IDN,458,Malaysia,MYS,0.0,0.0,0.0,0.0,0.0,0.0,0.0,4001,"Natural rubber and gums, in primary form, plates, etc",8,Weight in kilograms,112654,0.0,0.0,0.0,112654,0.0,164169,0.0,0.0,0
110,H1,2006,2006,2006,4,0,2,Export,360,Indonesia,IDN,458,Malaysia,MYS,0.0,0.0,0.0,0.0,0.0,0.0,0.0,4001,"Natural rubber and gums, in primary form, plates, etc",8,Weight in kilograms,5688773,0.0,0.0,0.0,5688773,0.0,11065313,0.0,0.0,0
112,H1,2006,2006,2006,4,0,1,Import,360,Indonesia,IDN,702,Singapore,SGP,0.0,0.0,0.0,0.0,0.0,0.0,0.0,4001,"Natural rubber and gums, in primary form, plates, etc",8,Weight in kilograms,195830,0.0,0.0,0.0,195830,0.0,2948583,0.0,0.0,0
113,H1,2006,2006,2006,4,0,2,Export,360,Indonesia,IDN,702,Singapore,SGP,0.0,0.0,0.0,0.0,0.0,0.0,0.0,4001,"Natural rubber and gums, in primary form, plates, etc",8,Weight in kilograms,136123896,0.0,0.0,0.0,136123896,0.0,252668342,0.0,0.0,0
122,H1,2007,2007,2007,4,0,2,Export,360,Indonesia,IDN,764,Thailand,THA,0.0,0.0,0.0,0.0,0.0,0.0,0.0,4001,"Natural rubber and gums, in primary form, plates, etc",8,Weight in kilograms,113615,0.0,0.0,0.0,113615,0.0,227230,0.0,0.0,0
121,H1,2007,2007,2007,4,0,1,Import,360,Indonesia,IDN,764,Thailand,THA,0.0,0.0,0.0,0.0,0.0,0.0,0.0,4001,"Natural rubber and gums, in primary form, plates, etc",8,Weight in kilograms,2546297,0.0,0.0,0.0,2546297,0.0,3842174,0.0,0.0,0
120,H1,2007,2007,2007,4,0,2,Export,360,Indonesia,IDN,702,Singapore,SGP,0.0,0.0,0.0,0.0,0.0,0.0,0.0,4001,"Natural rubber and gums, in primary form, plates, etc",8,Weight in kilograms,162032186,0.0,0.0,0.0,162032186,0.0,333037666,0.0,0.0,0
119,H1,2007,2007,2007,4,0,1,Import,360,Indonesia,IDN,702,Singapore,SGP,0.0,0.0,0.0,0.0,0.0,0.0,0.0,4001,"Natural rubber and gums, in primary form, plates, etc",8,Weight in kilograms,120590,0.0,0.0,0.0,120590,0.0,426354,0.0,0.0,0
118,H1,2007,2007,2007,4,0,2,Export,360,Indonesia,IDN,608,Philippines,PHL,0.0,0.0,0.0,0.0,0.0,0.0,0.0,4001,"Natural rubber and gums, in primary form, plates, etc",8,Weight in kilograms,4708162,0.0,0.0,0.0,4708162,0.0,9796233,0.0,0.0,0
117,H1,2007,2007,2007,4,0,2,Export,360,Indonesia,IDN,458,Malaysia,MYS,0.0,0.0,0.0,0.0,0.0,0.0,0.0,4001,"Natural rubber and gums, in primary form, plates, etc",8,Weight in kilograms,2297487,0.0,0.0,0.0,2297487,0.0,4729549,0.0,0.0,0
116,H1,2007,2007,2007,4,0,1,Import,360,Indonesia,IDN,458,Malaysia,MYS,0.0,0.0,0.0,0.0,0.0,0.0,0.0,4001,"Natural rubber and gums, in primary form, plates, etc",8,Weight in kilograms,221726,0.0,0.0,0.0,221726,0.0,305835,0.0,0.0,0
123,H1,2008,2008,2008,4,0,1,Import,360,Indonesia,IDN,458,Malaysia,MYS,0.0,0.0,0.0,0.0,0.0,0.0,0.0,4001,"Natural rubber and gums, in primary form, plates, etc",8,Weight in kilograms,304140,0.0,0.0,0.0,304140,0.0,601977,0.0,0.0,0
125,H1,2008,2008,2008,4,0,1,Import,360,Indonesia,IDN,608,Philippines,PHL,0.0,0.0,0.0,0.0,0.0,0.0,0.0,4001,"Natural rubber and gums, in primary form, plates, etc",8,Weight in kilograms,6,0.0,0.0,0.0,6,0.0,6476,0.0,0.0,0
127,H1,2008,2008,2008,4,0,1,Import,360,Indonesia,IDN,702,Singapore,SGP,0.0,0.0,0.0,0.0,0.0,0.0,0.0,4001,"Natural rubber and gums, in primary form, plates, etc",8,Weight in kilograms,877487,0.0,0.0,0.0,877487,0.0,2847521,0.0,0.0,0
126,H1,2008,2008,2008,4,0,2,Export,360,Indonesia,IDN,608,Philippines,PHL,0.0,0.0,0.0,0.0,0.0,0.0,0.0,4001,"Natural rubber and gums, in primary form, plates, etc",8,Weight in kilograms,6894239,0.0,0.0,0.0,6894239,0.0,18299730,0.0,0.0,0
124,H1,2008,2008,2008,4,0,2,Export,360,Indonesia,IDN,458,Malaysia,MYS,0.0,0.0,0.0,0.0,0.0,0.0,0.0,4001,"Natural rubber and gums, in primary form, plates, etc",8,Weight in kilograms,4889236,0.0,0.0,0.0,4889236,0.0,13226846,0.0,0.0,0
128,H1,2008,2008,2008,4,0,2,Export,360,Indonesia,IDN,702,Singapore,SGP,0.0,0.0,0.0,0.0,0.0,0.0,0.0,4001,"Natural rubber and gums, in primary form, plates, etc",8,Weight in kilograms,152062216,0.0,0.0,0.0,152062216,0.0,379815636,0.0,0.0,0
129,H1,2008,2008,2008,4,0,1,Import,360,Indonesia,IDN,764,Thailand,THA,0.0,0.0,0.0,0.0,0.0,0.0,0.0,4001,"Natural rubber and gums, in primary form, plates, etc",8,Weight in kilograms,2000286,0.0,0.0,0.0,2000286,0.0,4348860,0.0,0.0,0
136,H1,2009,2009,2009,4,0,1,Import,360,Indonesia,IDN,764,Thailand,THA,0.0,0.0,0.0,0.0,0.0,0.0,0.0,4001,"Natural rubber and gums, in primary form, plates, etc",8,Weight in kilograms,3208850,0.0,0.0,0.0,3208850,0.0,4957680,0.0,0.0,0
130,H1,2009,2009,2009,4,0,1,Import,360,Indonesia,IDN,458,Malaysia,MYS,0.0,0.0,0.0,0.0,0.0,0.0,0.0,4001,"Natural rubber and gums, in primary form, plates, etc",8,Weight in kilograms,2639562,0.0,0.0,0.0,2639562,0.0,3494467,0.0,0.0,0
131,H1,2009,2009,2009,4,0,2,Export,360,Indonesia,IDN,458,Malaysia,MYS,0.0,0.0,0.0,0.0,0.0,0.0,0.0,4001,"Natural rubber and gums, in primary form, plates, etc",8,Weight in kilograms,33450645,0.0,0.0,0.0,33450645,0.0,51749829,0.0,0.0,0
132,H1,2009,2009,2009,4,0,1,Import,360,Indonesia,IDN,608,Philippines,PHL,0.0,0.0,0.0,0.0,0.0,0.0,0.0,4001,"Natural rubber and gums, in primary form, plates, etc",8,Weight in kilograms,2,0.0,0.0,0.0,2,0.0,68,0.0,0.0,0
133,H1,2009,2009,2009,4,0,2,Export,360,Indonesia,IDN,608,Philippines,PHL,0.0,0.0,0.0,0.0,0.0,0.0,0.0,4001,"Natural rubber and gums, in primary form, plates, etc",8,Weight in kilograms,5898020,0.0,0.0,0.0,5898020,0.0,10402380,0.0,0.0,0
134,H1,2009,2009,2009,4,0,1,Import,360,Indonesia,IDN,702,Singapore,SGP,0.0,0.0,0.0,0.0,0.0,0.0,0.0,4001,"Natural rubber and gums, in primary form, plates, etc",8,Weight in kilograms,765415,0.0,0.0,0.0,765415,0.0,1565573,0.0,0.0,0
135,H1,2009,2009,2009,4,0,2,Export,360,Indonesia,IDN,702,Singapore,SGP,0.0,0.0,0.0,0.0,0.0,0.0,0.0,4001,"Natural rubber and gums, in primary form, plates, etc",8,Weight in kilograms,100742270,0.0,0.0,0.0,100742270,0.0,166482975,0.0,0.0,0
106,H3,2010,2010,2010,4,0,2,Export,360,Indonesia,IDN,702,Singapore,SGP,0.0,0.0,0.0,0.0,0.0,0.0,0.0,4001,"Natural rubber, balata, gutta-percha, guayule, chicle and similar natural gums, in primary forms or in plates, sheets or strip.",8,Weight in kilograms,118254497,0.0,0.0,0.0,118254497,0.0,361038236,0.0,0.0,0
107,H3,2010,2010,2010,4,0,1,Import,360,Indonesia,IDN,764,Thailand,THA,0.0,0.0,0.0,0.0,0.0,0.0,0.0,4001,"Natural rubber, balata, gutta-percha, guayule, chicle and similar natural gums, in primary forms or in plates, sheets or strip.",8,Weight in kilograms,4784147,0.0,0.0,0.0,4784147,0.0,10569623,0.0,0.0,0
105,H3,2010,2010,2010,4,0,1,Import,360,Indonesia,IDN,702,Singapore,SGP,0.0,0.0,0.0,0.0,0.0,0.0,0.0,4001,"Natural rubber, balata, gutta-percha, guayule, chicle and similar natural gums, in primary forms or in plates, sheets or strip.",8,Weight in kilograms,2314599,0.0,0.0,0.0,2314599,0.0,6023099,0.0,0.0,0
108,H3,2010,2010,2010,4,0,2,Export,360,Indonesia,IDN,764,Thailand,THA,0.0,0.0,0.0,0.0,0.0,0.0,0.0,4001,"Natural rubber, balata, gutta-percha, guayule, chicle and similar natural gums, in primary forms or in plates, sheets or strip.",8,Weight in kilograms,99837,0.0,0.0,0.0,99837,0.0,316960,0.0,0.0,0
103,H3,2010,2010,2010,4,0,2,Export,360,Indonesia,IDN,458,Malaysia,MYS,0.0,0.0,0.0,0.0,0.0,0.0,0.0,4001,"Natural rubber, balata, gutta-percha, guayule, chicle and similar natural gums, in primary forms or in plates, sheets or strip.",8,Weight in kilograms,8525677,0.0,0.0,0.0,8525677,0.0,25259978,0.0,0.0,0
102,H3,2010,2010,2010,4,0,1,Import,360,Indonesia,IDN,458,Malaysia,MYS,0.0,0.0,0.0,0.0,0.0,0.0,0.0,4001,"Natural rubber, balata, gutta-percha, guayule, chicle and similar natural gums, in primary forms or in plates, sheets or strip.",8,Weight in kilograms,1109302,0.0,0.0,0.0,1109302,0.0,2151745,0.0,0.0,0
104,H3,2010,2010,2010,4,0,2,Export,360,Indonesia,IDN,608,Philippines,PHL,0.0,0.0,0.0,0.0,0.0,0.0,0.0,4001,"Natural rubber, balata, gutta-percha, guayule, chicle and similar natural gums, in primary forms or in plates, sheets or strip.",8,Weight in kilograms,6084612,0.0,0.0,0.0,6084612,0.0,19042186,0.0,0.0,0
101,H3,2011,2011,2011,4,0,2,Export,360,Indonesia,IDN,764,Thailand,THA,0.0,0.0,0.0,0.0,0.0,0.0,0.0,4001,"Natural rubber, balata, gutta-percha, guayule, chicle and similar natural gums, in primary forms or in plates, sheets or strip.",8,Weight in kilograms,220404,0.0,0.0,0.0,220404,0.0,1003520,0.0,0.0,0
100,H3,2011,2011,2011,4,0,1,Import,360,Indonesia,IDN,764,Thailand,THA,0.0,0.0,0.0,0.0,0.0,0.0,0.0,4001,"Natural rubber, balata, gutta-percha, guayule, chicle and similar natural gums, in primary forms or in plates, sheets or strip.",8,Weight in kilograms,2137000,0.0,0.0,0.0,2137000,0.0,6856216,0.0,0.0,0
99,H3,2011,2011,2011,4,0,2,Export,360,Indonesia,IDN,702,Singapore,SGP,0.0,0.0,0.0,0.0,0.0,0.0,0.0,4001,"Natural rubber, balata, gutta-percha, guayule, chicle and similar natural gums, in primary forms or in plates, sheets or strip.",8,Weight in kilograms,105404216,0.0,0.0,0.0,105404216,0.0,476756091,0.0,0.0,0
98,H3,2011,2011,2011,4,0,1,Import,360,Indonesia,IDN,702,Singapore,SGP,0.0,0.0,0.0,0.0,0.0,0.0,0.0,4001,"Natural rubber, balata, gutta-percha, guayule, chicle and similar natural gums, in primary forms or in plates, sheets or strip.",8,Weight in kilograms,4105591,0.0,0.0,0.0,4105591,0.0,19880520,0.0,0.0,0
97,H3,2011,2011,2011,4,0,2,Export,360,Indonesia,IDN,608,Philippines,PHL,0.0,0.0,0.0,0.0,0.0,0.0,0.0,4001,"Natural rubber, balata, gutta-percha, guayule, chicle and similar natural gums, in primary forms or in plates, sheets or strip.",8,Weight in kilograms,5604480,0.0,0.0,0.0,5604480,0.0,25301178,0.0,0.0,0
96,H3,2011,2011,2011,4,0,2,Export,360,Indonesia,IDN,458,Malaysia,MYS,0.0,0.0,0.0,0.0,0.0,0.0,0.0,4001,"Natural rubber, balata, gutta-percha, guayule, chicle and similar natural gums, in primary forms or in plates, sheets or strip.",8,Weight in kilograms,4343933,0.0,0.0,0.0,4343933,0.0,17719102,0.0,0.0,0
95,H3,2011,2011,2011,4,0,1,Import,360,Indonesia,IDN,458,Malaysia,MYS,0.0,0.0,0.0,0.0,0.0,0.0,0.0,4001,"Natural rubber, balata, gutta-percha, guayule, chicle and similar natural gums, in primary forms or in plates, sheets or strip.",8,Weight in kilograms,379041,0.0,0.0,0.0,379041,0.0,1146137,0.0,0.0,0
70,H4,2012,2012,2012,4,0,2,Export,360,Indonesia,IDN,702,Singapore,SGP,0.0,0.0,0.0,0.0,0.0,0.0,0.0,4001,"Natural rubber, balata, gutta-percha, guayule, chicle and similar gums; in primary forms or in plates, sheets or strip",8,Weight in kilograms,64513815,0.0,0.0,0.0,64513815,0.0,206239449,0.0,0.0,0
69,H4,2012,2012,2012,4,0,1,Import,360,Indonesia,IDN,702,Singapore,SGP,0.0,0.0,0.0,0.0,0.0,0.0,0.0,4001,"Natural rubber, balata, gutta-percha, guayule, chicle and similar gums; in primary forms or in plates, sheets or strip",8,Weight in kilograms,2906649,0.0,0.0,0.0,2906649,0.0,10200990,0.0,0.0,0
67,H4,2012,2012,2012,4,0,1,Import,360,Indonesia,IDN,608,Philippines,PHL,0.0,0.0,0.0,0.0,0.0,0.0,0.0,4001,"Natural rubber, balata, gutta-percha, guayule, chicle and similar gums; in primary forms or in plates, sheets or strip",8,Weight in kilograms,102300,0.0,0.0,0.0,102300,0.0,328406,0.0,0.0,0
66,H4,2012,2012,2012,4,0,2,Export,360,Indonesia,IDN,458,Malaysia,MYS,0.0,0.0,0.0,0.0,0.0,0.0,0.0,4001,"Natural rubber, balata, gutta-percha, guayule, chicle and similar gums; in primary forms or in plates, sheets or strip",8,Weight in kilograms,3852125,0.0,0.0,0.0,3852125,0.0,10017384,0.0,0.0,0
65,H4,2012,2012,2012,4,0,1,Import,360,Indonesia,IDN,458,Malaysia,MYS,0.0,0.0,0.0,0.0,0.0,0.0,0.0,4001,"Natural rubber, balata, gutta-percha, guayule, chicle and similar gums; in primary forms or in plates, sheets or strip",8,Weight in kilograms,7336993,0.0,0.0,0.0,7336993,0.0,16329030,0.0,0.0,0
68,H4,2012,2012,2012,4,0,2,Export,360,Indonesia,IDN,608,Philippines,PHL,0.0,0.0,0.0,0.0,0.0,0.0,0.0,4001,"Natural rubber, balata, gutta-percha, guayule, chicle and similar gums; in primary forms or in plates, sheets or strip",8,Weight in kilograms,6309921,0.0,0.0,0.0,6309921,0.0,20587312,0.0,0.0,0
71,H4,2012,2012,2012,4,0,1,Import,360,Indonesia,IDN,764,Thailand,THA,0.0,0.0,0.0,0.0,0.0,0.0,0.0,4001,"Natural rubber, balata, gutta-percha, guayule, chicle and similar gums; in primary forms or in plates, sheets or strip",8,Weight in kilograms,4699095,0.0,0.0,0.0,4699095,0.0,11477949,0.0,0.0,0
72,H4,2013,2013,2013,4,0,1,Import,360,Indonesia,IDN,458,Malaysia,MYS,0.0,0.0,0.0,0.0,0.0,0.0,0.0,4001,"Natural rubber, balata, gutta-percha, guayule, chicle and similar gums; in primary forms or in plates, sheets or strip",8,Weight in kilograms,9226971,0.0,0.0,0.0,9226971,0.0,17858960,0.0,0.0,0
78,H4,2013,2013,2013,4,0,2,Export,360,Indonesia,IDN,764,Thailand,THA,0.0,0.0,0.0,0.0,0.0,0.0,0.0,4001,"Natural rubber, balata, gutta-percha, guayule, chicle and similar gums; in primary forms or in plates, sheets or strip",8,Weight in kilograms,20240,0.0,0.0,0.0,20240,0.0,58348,0.0,0.0,0
77,H4,2013,2013,2013,4,0,1,Import,360,Indonesia,IDN,764,Thailand,THA,0.0,0.0,0.0,0.0,0.0,0.0,0.0,4001,"Natural rubber, balata, gutta-percha, guayule, chicle and similar gums; in primary forms or in plates, sheets or strip",8,Weight in kilograms,4060247,0.0,0.0,0.0,4060247,0.0,7772288,0.0,0.0,0
76,H4,2013,2013,2013,4,0,2,Export,360,Indonesia,IDN,702,Singapore,SGP,0.0,0.0,0.0,0.0,0.0,0.0,0.0,4001,"Natural rubber, balata, gutta-percha, guayule, chicle and similar gums; in primary forms or in plates, sheets or strip",8,Weight in kilograms,22850621,0.0,0.0,0.0,22850621,0.0,59736201,0.0,0.0,0
75,H4,2013,2013,2013,4,0,1,Import,360,Indonesia,IDN,702,Singapore,SGP,0.0,0.0,0.0,0.0,0.0,0.0,0.0,4001,"Natural rubber, balata, gutta-percha, guayule, chicle and similar gums; in primary forms or in plates, sheets or strip",8,Weight in kilograms,302585,0.0,0.0,0.0,302585,0.0,951025,0.0,0.0,0
74,H4,2013,2013,2013,4,0,2,Export,360,Indonesia,IDN,608,Philippines,PHL,0.0,0.0,0.0,0.0,0.0,0.0,0.0,4001,"Natural rubber, balata, gutta-percha, guayule, chicle and similar gums; in primary forms or in plates, sheets or strip",8,Weight in kilograms,5178320,0.0,0.0,0.0,5178320,0.0,13130872,0.0,0.0,0
73,H4,2013,2013,2013,4,0,2,Export,360,Indonesia,IDN,458,Malaysia,MYS,0.0,0.0,0.0,0.0,0.0,0.0,0.0,4001,"Natural rubber, balata, gutta-percha, guayule, chicle and similar gums; in primary forms or in plates, sheets or strip",8,Weight in kilograms,7250959,0.0,0.0,0.0,7250959,0.0,16966666,0.0,0.0,0
79,H4,2014,2014,2014,4,0,1,Import,360,Indonesia,IDN,458,Malaysia,MYS,0.0,0.0,0.0,0.0,0.0,0.0,0.0,4001,"Natural rubber, balata, gutta-percha, guayule, chicle and similar gums; in primary forms or in plates, sheets or strip",8,Weight in kilograms,12529190,0.0,0.0,0.0,12529190,0.0,19004266,0.0,0.0,0
81,H4,2014,2014,2014,4,0,1,Import,360,Indonesia,IDN,608,Philippines,PHL,0.0,0.0,0.0,0.0,0.0,0.0,0.0,4001,"Natural rubber, balata, gutta-percha, guayule, chicle and similar gums; in primary forms or in plates, sheets or strip",8,Weight in kilograms,1,0.0,0.0,0.0,1,0.0,36,0.0,0.0,0
82,H4,2014,2014,2014,4,0,2,Export,360,Indonesia,IDN,608,Philippines,PHL,0.0,0.0,0.0,0.0,0.0,0.0,0.0,4001,"Natural rubber, balata, gutta-percha, guayule, chicle and similar gums; in primary forms or in plates, sheets or strip",8,Weight in kilograms,8628480,0.0,0.0,0.0,8628480,0.0,15481969,0.0,0.0,0
83,H4,2014,2014,2014,4,0,1,Import,360,Indonesia,IDN,702,Singapore,SGP,0.0,0.0,0.0,0.0,0.0,0.0,0.0,4001,"Natural rubber, balata, gutta-percha, guayule, chicle and similar gums; in primary forms or in plates, sheets or strip",8,Weight in kilograms,120342,0.0,0.0,0.0,120342,0.0,427315,0.0,0.0,0
84,H4,2014,2014,2014,4,0,2,Export,360,Indonesia,IDN,702,Singapore,SGP,0.0,0.0,0.0,0.0,0.0,0.0,0.0,4001,"Natural rubber, balata, gutta-percha, guayule, chicle and similar gums; in primary forms or in plates, sheets or strip",8,Weight in kilograms,19062384,0.0,0.0,0.0,19062384,0.0,33754976,0.0,0.0,0
85,H4,2014,2014,2014,4,0,1,Import,360,Indonesia,IDN,764,Thailand,THA,0.0,0.0,0.0,0.0,0.0,0.0,0.0,4001,"Natural rubber, balata, gutta-percha, guayule, chicle and similar gums; in primary forms or in plates, sheets or strip",8,Weight in kilograms,4023994,0.0,0.0,0.0,4023994,0.0,5933020,0.0,0.0,0
80,H4,2014,2014,2014,4,0,2,Export,360,Indonesia,IDN,458,Malaysia,MYS,0.0,0.0,0.0,0.0,0.0,0.0,0.0,4001,"Natural rubber, balata, gutta-percha, guayule, chicle and similar gums; in primary forms or in plates, sheets or strip",8,Weight in kilograms,5430715,0.0,0.0,0.0,5430715,0.0,9620324,0.0,0.0,0
86,H4,2014,2014,2014,4,0,2,Export,360,Indonesia,IDN,764,Thailand,THA,0.0,0.0,0.0,0.0,0.0,0.0,0.0,4001,"Natural rubber, balata, gutta-percha, guayule, chicle and similar gums; in primary forms or in plates, sheets or strip",8,Weight in kilograms,85,0.0,0.0,0.0,85,0.0,600,0.0,0.0,0
90,H4,2015,2015,2015,4,0,2,Export,360,Indonesia,IDN,608,Philippines,PHL,0.0,0.0,0.0,0.0,0.0,0.0,0.0,4001,"Natural rubber, balata, gutta-percha, guayule, chicle and similar gums; in primary forms or in plates, sheets or strip",8,Weight in kilograms,6508880,0.0,0.0,0.0,6508880,0.0,8960836,0.0,0.0,0
94,H4,2015,2015,2015,4,0,2,Export,360,Indonesia,IDN,764,Thailand,THA,0.0,0.0,0.0,0.0,0.0,0.0,0.0,4001,"Natural rubber, balata, gutta-percha, guayule, chicle and similar gums; in primary forms or in plates, sheets or strip",8,Weight in kilograms,40555,0.0,0.0,0.0,40555,0.0,61340,0.0,0.0,0
93,H4,2015,2015,2015,4,0,1,Import,360,Indonesia,IDN,764,Thailand,THA,0.0,0.0,0.0,0.0,0.0,0.0,0.0,4001,"Natural rubber, balata, gutta-percha, guayule, chicle and similar gums; in primary forms or in plates, sheets or strip",8,Weight in kilograms,7708130,0.0,0.0,0.0,7708130,0.0,8655173,0.0,0.0,0
92,H4,2015,2015,2015,4,0,2,Export,360,Indonesia,IDN,702,Singapore,SGP,0.0,0.0,0.0,0.0,0.0,0.0,0.0,4001,"Natural rubber, balata, gutta-percha, guayule, chicle and similar gums; in primary forms or in plates, sheets or strip",8,Weight in kilograms,32233879,0.0,0.0,0.0,32233879,0.0,46147269,0.0,0.0,0
91,H4,2015,2015,2015,4,0,1,Import,360,Indonesia,IDN,702,Singapore,SGP,0.0,0.0,0.0,0.0,0.0,0.0,0.0,4001,"Natural rubber, balata, gutta-percha, guayule, chicle and similar gums; in primary forms or in plates, sheets or strip",8,Weight in kilograms,712,0.0,0.0,0.0,712,0.0,7058,0.0,0.0,0
89,H4,2015,2015,2015,4,0,1,Import,360,Indonesia,IDN,608,Philippines,PHL,0.0,0.0,0.0,0.0,0.0,0.0,0.0,4001,"Natural rubber, balata, gutta-percha, guayule, chicle and similar gums; in primary forms or in plates, sheets or strip",8,Weight in kilograms,261120,0.0,0.0,0.0,261120,0.0,368323,0.0,0.0,0
88,H4,2015,2015,2015,4,0,2,Export,360,Indonesia,IDN,458,Malaysia,MYS,0.0,0.0,0.0,0.0,0.0,0.0,0.0,4001,"Natural rubber, balata, gutta-percha, guayule, chicle and similar gums; in primary forms or in plates, sheets or strip",8,Weight in kilograms,3629639,0.0,0.0,0.0,3629639,0.0,4800354,0.0,0.0,0
87,H4,2015,2015,2015,4,0,1,Import,360,Indonesia,IDN,458,Malaysia,MYS,0.0,0.0,0.0,0.0,0.0,0.0,0.0,4001,"Natural rubber, balata, gutta-percha, guayule, chicle and similar gums; in primary forms or in plates, sheets or strip",8,Weight in kilograms,13712573,0.0,0.0,0.0,13712573,0.0,16678318,0.0,0.0,0
58,H4,2016,2016,2016,4,0,1,Import,360,Indonesia,IDN,458,Malaysia,MYS,0.0,0.0,0.0,0.0,0.0,0.0,0.0,4001,"Natural rubber, balata, gutta-percha, guayule, chicle and similar gums; in primary forms or in plates, sheets or strip",8,Weight in kilograms,13496688,0.0,0.0,0.0,13496688,0.0,15039511,0.0,0.0,0
59,H4,2016,2016,2016,4,0,2,Export,360,Indonesia,IDN,458,Malaysia,MYS,0.0,0.0,0.0,0.0,0.0,0.0,0.0,4001,"Natural rubber, balata, gutta-percha, guayule, chicle and similar gums; in primary forms or in plates, sheets or strip",8,Weight in kilograms,3050620,0.0,0.0,0.0,3050620,0.0,3818798,0.0,0.0,0
61,H4,2016,2016,2016,4,0,1,Import,360,Indonesia,IDN,702,Singapore,SGP,0.0,0.0,0.0,0.0,0.0,0.0,0.0,4001,"Natural rubber, balata, gutta-percha, guayule, chicle and similar gums; in primary forms or in plates, sheets or strip",8,Weight in kilograms,814560,0.0,0.0,0.0,814560,0.0,1273261,0.0,0.0,0
60,H4,2016,2016,2016,4,0,2,Export,360,Indonesia,IDN,608,Philippines,PHL,0.0,0.0,0.0,0.0,0.0,0.0,0.0,4001,"Natural rubber, balata, gutta-percha, guayule, chicle and similar gums; in primary forms or in plates, sheets or strip",8,Weight in kilograms,7217120,0.0,0.0,0.0,7217120,0.0,9331809,0.0,0.0,0
63,H4,2016,2016,2016,4,0,1,Import,360,Indonesia,IDN,764,Thailand,THA,0.0,0.0,0.0,0.0,0.0,0.0,0.0,4001,"Natural rubber, balata, gutta-percha, guayule, chicle and similar gums; in primary forms or in plates, sheets or strip",8,Weight in kilograms,6936680,0.0,0.0,0.0,6936680,0.0,7346450,0.0,0.0,0
64,H4,2016,2016,2016,4,0,2,Export,360,Indonesia,IDN,764,Thailand,THA,0.0,0.0,0.0,0.0,0.0,0.0,0.0,4001,"Natural rubber, balata, gutta-percha, guayule, chicle and similar gums; in primary forms or in plates, sheets or strip",8,Weight in kilograms,75,0.0,0.0,0.0,75,0.0,690,0.0,0.0,0
62,H4,2016,2016,2016,4,0,2,Export,360,Indonesia,IDN,702,Singapore,SGP,0.0,0.0,0.0,0.0,0.0,0.0,0.0,4001,"Natural rubber, balata, gutta-percha, guayule, chicle and similar gums; in primary forms or in plates, sheets or strip",8,Weight in kilograms,19567311,0.0,0.0,0.0,19567311,0.0,26806999,0.0,0.0,0
29,H5,2017,2017,2017,4,0,1,Import,360,Indonesia,IDN,458,Malaysia,MYS,0.0,0.0,0.0,0.0,0.0,0.0,0.0,4001,"Natural rubber, balata, gutta-percha, guayule, chicle and similar gums; in primary forms or in plates, sheets or strip",8,Weight in kilograms,11940918,0.0,0.0,0.0,11940918,0.0,16266930,0.0,0.0,0
30,H5,2017,2017,2017,4,0,2,Export,360,Indonesia,IDN,458,Malaysia,MYS,0.0,0.0,0.0,0.0,0.0,0.0,0.0,4001,"Natural rubber, balata, gutta-percha, guayule, chicle and similar gums; in primary forms or in plates, sheets or strip",8,Weight in kilograms,42335228,0.0,0.0,0.0,42335228,0.0,66542260,0.0,0.0,0
31,H5,2017,2017,2017,4,0,2,Export,360,Indonesia,IDN,608,Philippines,PHL,0.0,0.0,0.0,0.0,0.0,0.0,0.0,4001,"Natural rubber, balata, gutta-percha, guayule, chicle and similar gums; in primary forms or in plates, sheets or strip",8,Weight in kilograms,3608640,0.0,0.0,0.0,3608640,0.0,6407991,0.0,0.0,0
32,H5,2017,2017,2017,4,0,1,Import,360,Indonesia,IDN,702,Singapore,SGP,0.0,0.0,0.0,0.0,0.0,0.0,0.0,4001,"Natural rubber, balata, gutta-percha, guayule, chicle and similar gums; in primary forms or in plates, sheets or strip",8,Weight in kilograms,885479,0.0,0.0,0.0,885479,0.0,1397167,0.0,0.0,0
33,H5,2017,2017,2017,4,0,2,Export,360,Indonesia,IDN,702,Singapore,SGP,0.0,0.0,0.0,0.0,0.0,0.0,0.0,4001,"Natural rubber, balata, gutta-percha, guayule, chicle and similar gums; in primary forms or in plates, sheets or strip",8,Weight in kilograms,17340289,0.0,0.0,0.0,17340289,0.0,30001952,0.0,0.0,0
34,H5,2017,2017,2017,4,0,1,Import,360,Indonesia,IDN,764,Thailand,THA,0.0,0.0,0.0,0.0,0.0,0.0,0.0,4001,"Natural rubber, balata, gutta-percha, guayule, chicle and similar gums; in primary forms or in plates, sheets or strip",8,Weight in kilograms,6164202,0.0,0.0,0.0,6164202,0.0,9141434,0.0,0.0,0
41,H5,2018,2018,2018,4,0,1,Import,360,Indonesia,IDN,764,Thailand,THA,0.0,0.0,0.0,0.0,0.0,0.0,0.0,4001,"Natural rubber, balata, gutta-percha, guayule, chicle and similar gums; in primary forms or in plates, sheets or strip",8,Weight in kilograms,9696210,0.0,0.0,0.0,9696210,0.0,11049844,0.0,0.0,0
38,H5,2018,2018,2018,4,0,2,Export,360,Indonesia,IDN,608,Philippines,PHL,0.0,0.0,0.0,0.0,0.0,0.0,0.0,4001,"Natural rubber, balata, gutta-percha, guayule, chicle and similar gums; in primary forms or in plates, sheets or strip",8,Weight in kilograms,3326400,0.0,0.0,0.0,3326400,0.0,4719307,0.0,0.0,0
39,H5,2018,2018,2018,4,0,1,Import,360,Indonesia,IDN,702,Singapore,SGP,0.0,0.0,0.0,0.0,0.0,0.0,0.0,4001,"Natural rubber, balata, gutta-percha, guayule, chicle and similar gums; in primary forms or in plates, sheets or strip",8,Weight in kilograms,72165,0.0,0.0,0.0,72165,0.0,118479,0.0,0.0,0
40,H5,2018,2018,2018,4,0,2,Export,360,Indonesia,IDN,702,Singapore,SGP,0.0,0.0,0.0,0.0,0.0,0.0,0.0,4001,"Natural rubber, balata, gutta-percha, guayule, chicle and similar gums; in primary forms or in plates, sheets or strip",8,Weight in kilograms,1659067,0.0,0.0,0.0,1659067,0.0,3033256,0.0,0.0,0
42,H5,2018,2018,2018,4,0,2,Export,360,Indonesia,IDN,764,Thailand,THA,0.0,0.0,0.0,0.0,0.0,0.0,0.0,4001,"Natural rubber, balata, gutta-percha, guayule, chicle and similar gums; in primary forms or in plates, sheets or strip",8,Weight in kilograms,72,0.0,0.0,0.0,72,0.0,470,0.0,0.0,0
37,H5,2018,2018,2018,4,0,1,Import,360,Indonesia,IDN,608,Philippines,PHL,0.0,0.0,0.0,0.0,0.0,0.0,0.0,4001,"Natural rubber, balata, gutta-percha, guayule, chicle and similar gums; in primary forms or in plates, sheets or strip",8,Weight in kilograms,335870,0.0,0.0,0.0,335870,0.0,428853,0.0,0.0,0
36,H5,2018,2018,2018,4,0,2,Export,360,Indonesia,IDN,458,Malaysia,MYS,0.0,0.0,0.0,0.0,0.0,0.0,0.0,4001,"Natural rubber, balata, gutta-percha, guayule, chicle and similar gums; in primary forms or in plates, sheets or strip",8,Weight in kilograms,3084281,0.0,0.0,0.0,3084281,0.0,4202011,0.0,0.0,0
35,H5,2018,2018,2018,4,0,1,Import,360,Indonesia,IDN,458,Malaysia,MYS,0.0,0.0,0.0,0.0,0.0,0.0,0.0,4001,"Natural rubber, balata, gutta-percha, guayule, chicle and similar gums; in primary forms or in plates, sheets or strip",8,Weight in kilograms,8760212,0.0,0.0,0.0,8760212,0.0,10090245,0.0,0.0,0
46,H5,2019,2019,2019,4,0,2,Export,360,Indonesia,IDN,608,Philippines,PHL,0.0,0.0,0.0,0.0,0.0,0.0,0.0,4001,"Natural rubber, balata, gutta-percha, guayule, chicle and similar gums; in primary forms or in plates, sheets or strip",8,Weight in kilograms,4334400,0.0,0.0,0.0,4334400,0.0,6019353,0.0,0.0,0
45,H5,2019,2019,2019,4,0,1,Import,360,Indonesia,IDN,608,Philippines,PHL,0.0,0.0,0.0,0.0,0.0,0.0,0.0,4001,"Natural rubber, balata, gutta-percha, guayule, chicle and similar gums; in primary forms or in plates, sheets or strip",8,Weight in kilograms,185030,0.0,0.0,0.0,185030,0.0,156042,0.0,0.0,0
44,H5,2019,2019,2019,4,0,2,Export,360,Indonesia,IDN,458,Malaysia,MYS,0.0,0.0,0.0,0.0,0.0,0.0,0.0,4001,"Natural rubber, balata, gutta-percha, guayule, chicle and similar gums; in primary forms or in plates, sheets or strip",8,Weight in kilograms,5036628,0.0,0.0,0.0,5036628,0.0,6958870,0.0,0.0,0
43,H5,2019,2019,2019,4,0,1,Import,360,Indonesia,IDN,458,Malaysia,MYS,0.0,0.0,0.0,0.0,0.0,0.0,0.0,4001,"Natural rubber, balata, gutta-percha, guayule, chicle and similar gums; in primary forms or in plates, sheets or strip",8,Weight in kilograms,5120805,0.0,0.0,0.0,5120805,0.0,5487487,0.0,0.0,0
48,H5,2019,2019,2019,4,0,2,Export,360,Indonesia,IDN,702,Singapore,SGP,0.0,0.0,0.0,0.0,0.0,0.0,0.0,4001,"Natural rubber, balata, gutta-percha, guayule, chicle and similar gums; in primary forms or in plates, sheets or strip",8,Weight in kilograms,619121,0.0,0.0,0.0,619121,0.0,1412292,0.0,0.0,0
49,H5,2019,2019,2019,4,0,1,Import,360,Indonesia,IDN,764,Thailand,THA,0.0,0.0,0.0,0.0,0.0,0.0,0.0,4001,"Natural rubber, balata, gutta-percha, guayule, chicle and similar gums; in primary forms or in plates, sheets or strip",8,Weight in kilograms,12414472,0.0,0.0,0.0,12414472,0.0,13688308,0.0,0.0,0
50,H5,2019,2019,2019,4,0,2,Export,360,Indonesia,IDN,764,Thailand,THA,0.0,0.0,0.0,0.0,0.0,0.0,0.0,4001,"Natural rubber, balata, gutta-percha, guayule, chicle and similar gums; in primary forms or in plates, sheets or strip",8,Weight in kilograms,82,0.0,0.0,0.0,82,0.0,661,0.0,0.0,0
47,H5,2019,2019,2019,4,0,1,Import,360,Indonesia,IDN,702,Singapore,SGP,0.0,0.0,0.0,0.0,0.0,0.0,0.0,4001,"Natural rubber, balata, gutta-percha, guayule, chicle and similar gums; in primary forms or in plates, sheets or strip",8,Weight in kilograms,9357,0.0,0.0,0.0,9357,0.0,12993,0.0,0.0,0
57,H5,2020,2020,2020,4,0,2,Export,360,Indonesia,IDN,764,Thailand,THA,0.0,0.0,0.0,0.0,0.0,0.0,0.0,4001,"Natural rubber, balata, gutta-percha, guayule, chicle and similar gums; in primary forms or in plates, sheets or strip",8,Weight in kilograms,41,0.0,0.0,0.0,41,0.0,400,0.0,0.0,0
56,H5,2020,2020,2020,4,0,1,Import,360,Indonesia,IDN,764,Thailand,THA,0.0,0.0,0.0,0.0,0.0,0.0,0.0,4001,"Natural rubber, balata, gutta-percha, guayule, chicle and similar gums; in primary forms or in plates, sheets or strip",8,Weight in kilograms,11488530,0.0,0.0,0.0,11488530,0.0,13747405,0.0,0.0,0
52,H5,2020,2020,2020,4,0,2,Export,360,Indonesia,IDN,458,Malaysia,MYS,0.0,0.0,0.0,0.0,0.0,0.0,0.0,4001,"Natural rubber, balata, gutta-percha, guayule, chicle and similar gums; in primary forms or in plates, sheets or strip",8,Weight in kilograms,20192760,0.0,0.0,0.0,20192760,0.0,23966326,0.0,0.0,0
54,H5,2020,2020,2020,4,0,1,Import,360,Indonesia,IDN,702,Singapore,SGP,0.0,0.0,0.0,0.0,0.0,0.0,0.0,4001,"Natural rubber, balata, gutta-percha, guayule, chicle and similar gums; in primary forms or in plates, sheets or strip",8,Weight in kilograms,1161,0.0,0.0,0.0,1161,0.0,7175,0.0,0.0,0
53,H5,2020,2020,2020,4,0,2,Export,360,Indonesia,IDN,608,Philippines,PHL,0.0,0.0,0.0,0.0,0.0,0.0,0.0,4001,"Natural rubber, balata, gutta-percha, guayule, chicle and similar gums; in primary forms or in plates, sheets or strip",8,Weight in kilograms,3971520,0.0,0.0,0.0,3971520,0.0,5280183,0.0,0.0,0
55,H5,2020,2020,2020,4,0,2,Export,360,Indonesia,IDN,702,Singapore,SGP,0.0,0.0,0.0,0.0,0.0,0.0,0.0,4001,"Natural rubber, balata, gutta-percha, guayule, chicle and similar gums; in primary forms or in plates, sheets or strip",8,Weight in kilograms,319074,0.0,0.0,0.0,319074,0.0,811858,0.0,0.0,0
51,H5,2020,2020,2020,4,0,1,Import,360,Indonesia,IDN,458,Malaysia,MYS,0.0,0.0,0.0,0.0,0.0,0.0,0.0,4001,"Natural rubber, balata, gutta-percha, guayule, chicle and similar gums; in primary forms or in plates, sheets or strip",8,Weight in kilograms,9688295,0.0,0.0,0.0,9688295,0.0,11033177,0.0,0.0,0
